{"cameraMode":{"drawMode":0,"name":"Shaded","section":"Shading Mode"},"sceneLighting":true,"audioPlay":false,"sceneViewState":{"showFog":true,"showMaterialUpdate":true,"showSkybox":true,"showFlares":true,"showImageEffects":true,"showParticleSystems":true},"in2DMode":false,"pivot":{"x":-22.665576934814454,"y":77.27838134765625,"z":90.0},"rotation":{"x":-0.1262717992067337,"y":0.00177116715349257,"z":-0.00022819873993285,"w":-0.9919940829277039},"size":15.620877265930176,"orthographic":false}